Model,Cvar_R1.0_E0.2,Cvar_R1.0_E0.5,Cvar_R1.0_E0.8,Cvar_R1.0_E0.9,TE_R1.0_T0,TE_R1.0_T5,TP_R1.0_T0,TP_R1.0_T5,Var_R1.0_E0.2,Var_R1.0_E0.5,Var_R1.0_E0.8,Var_R1.0_E0.9,WT_R1.0_T0,WT_R1.0_T5
DM(ETA),1.0,1.0,1.0,1.0,1.0,1.0,1.0,1.0,1.0,1.0,1.0,1.0,1.0,1.0
RS-1.01,0.9999902239549782,1.0108776797462478,1.0334517903172173,1.052563384579352,0.9997067468951913,0.9996188926306704,0.9965577174716309,0.9964754930212665,0.9716966701193581,0.9846518304130164,0.987505715982084,1.0237696184780316,1.058315283070591,1.065916493671052
RS-1.015,1.0039181136486195,1.0156272329597724,1.038153842843904,1.0483599971865674,1.0048718562892847,1.0058469252779323,0.9959556039330307,0.9984493366620689,0.9778445707181498,0.9927137828535669,0.9988563276433581,1.029155798287652,1.051783297318608,1.0585330844718068
RS-1.02,1.010748711681287,1.0223562224288545,1.0495417227075141,1.063157328426678,1.0073402586544582,1.008738438947617,0.9988472356184067,0.9949449098568581,0.98003692060255,0.9893829787234042,1.0041753648361085,1.0427549866160342,1.065714625238793,1.0742803164207386
RS-1.025,1.0113773636702785,1.026524274809908,1.0548984841998823,1.0617598189694544,1.0076423402621255,1.0097006277067468,0.997078062504989,0.9901294098586666,0.967952163916448,0.9964992177722152,1.013874863729017,1.0522395772555637,1.0646102880706103,1.0730320324354048
RS-1.03,1.0127031475678259,1.02782022341694,1.0657946441876822,1.0759583570508322,1.010273987948009,1.0125635866118383,0.997868072063327,0.9932404648173533,0.9720121442626652,0.9777644712140175,1.0161377694851594,1.058821257953205,1.080768136813913,1.0912960050742146
RS-1.035,1.0166510897355145,1.0352908196190354,1.0737234155982915,1.0893687524863667,1.0117048226549852,1.0147903646676657,0.9974755832381653,0.9895495792580039,0.9671872431283202,0.9848789111389236,1.0135512910510005,1.0641640997197586,1.0958826524855736,1.1083806495130664
RS-1.04,1.0204057178615311,1.0384257674592972,1.0757488117125609,1.091997176294045,1.0115735504044734,1.0140726817494499,0.9987634086053403,0.9956336223922121,0.966867398489355,0.9931955569461827,1.0161831719318046,1.066403198659133,1.0971149180756166,1.109773536980813
RS-1.05,1.0264997116796066,1.0462013619772146,1.0817414568753616,1.0951708491245353,1.0169481917439729,1.0201039251941575,0.9969225308027105,0.9958709675488181,0.9647891437560241,0.9918314299123905,1.0352164044197587,1.0684886672315523,1.1044525697439416,1.1180676280713084
